idx1,idx2,sentence1,sentence2,cosine
102,435,o zbek tili so z boyligini o rganishda turli sohalarga oid terminologik lug atlarni yaratish muhim amaliy ahamiyatga ega.,dasturlash sohasidagi yangi texnologiyalarni o rganish mutaxassislarning mehnat bozoridagi raqobatbardoshligini ta’minlaydi.,0.8494826555252075
270,106,kiberxavfsizlikni ta’minlashda zamonaviy autentifikatsiya usullari va ma’lumotlarni himoya qilish texnologiyalari muhim rol o ynaydi.,gidrometeorologiya sohasida raqamli modellardan foydalanish ob-havo ma’lumotlarining aniqligini sezilarli darajada oshirishga xizmat qilmoqda.,0.8669040203094482
71,20,elektron tijorat platformalari savdo-sotiq jarayonlarini jadallashtirish va xaridorlar uchun qo shimcha qulayliklar yaratish imkonini beradi.,o zbekistonda raqamli texnologiyalarni rivojlantirish bo yicha keng ko lamli islohotlar va davlat dasturlari amalga oshirilmoqda.,0.8404123783111572
121,466,sog liqni saqlash sohasida telemeditsina texnologiyalaridan foydalanish olis hududlardagi aholiga yuqori malakali tibbiy yordam ko rsatish imkonini beradi.,dasturiy mahsulotlarni yaratishda foydalanuvchi talablarini tahlil qilish va ularga mos yechimlar ishlab chiqish zarur.,0.8479176163673401
214,330,o zbek tilining boy imkoniyatlarini o rganishda badiiy adabiyot namunalari asosiy lingvistik manba bo lib xizmat qiladi.,innovatsion loyihalarni qo llab-quvvatlash yoshlarning intellektual salohiyatini ro yobga chiqarishda muhim ahamiyatga ega.,0.8144167065620422
458,87,sun’iy intellekt sohasidagi yangi ishlanmalar kelajakda insoniyat turmush tarzini tubdan o zgartirishi kutilayotgan texnologik yo nalishdir.,dasturiy injiniring sohasidagi yangi metodologiyalar loyihalarni boshqarish samaradorligini oshirish va xatolar xavfini kamaytirishga xizmat qiladi.,0.8568679094314575
372,99,o zbek tili grammatikasini kompyuter modellariga tatbiq etish tilshunoslikning eng muhim amaliy vazifasidir.,kosmik texnologiyalar yordamida tabiiy ofatlarni oldindan bashorat qilish va ularning zararini kamaytirish choralarini ko rish mumkin.,0.7170682549476624
130,308,sun’iy intellekt algoritmlari yordamida ob-havo ma’lumotlarini aniqroq bashorat qilish qishloq xo jaligi ishlarini rejalashtirishda yordam beradi.,raqamli iqtisodiyotda elektron tijoratning ulushini oshirish iqtisodiy jarayonlarni jadallashtirishga xizmat qiladi.,0.8321837782859802
343,491,ta’limda innovatsion metodlarni qo llash o quvchilarning ijodiy fikrlashini va bilimlarini amaliyotda qo llashni rivojlantiradi.,shaharlarni aqlli boshqarish tizimlari aholi hayotini qulayroq qilish va resurslarni oqilona taqsimlash imkonini beradi.,0.8072890043258667
413,385,raqamli iqtisodiyotda ma’lumotlarni tahlil qilish orqali iste’molchilar talabini bashorat qilish va samarali savdo strategiyalarini tuzish mumkin.,ekologik toza energiya manbalaridan foydalanish atrof-muhitni muhofaza qilish va iqtisodiy barqarorlikni ta’minlaydi.,0.8499984741210938
191,276,o zbek tilida ilmiy atamalarning qo llanilishini tartibga solish ilmiy matnlarning tushunarli va aniq bo lishini ta’minlaydi.,ekologik muammolarni hal qilishda xalqaro hamkorlik va tajriba almashish muhim ahamiyatga ega ekanligini ta’kidlash lozim.,0.807255208492279
160,459,o zbek tili uchun terminologik ma’lumotlar bazasini yaratish ilmiy va texnik matnlarning savodli yozilishini ta’minlaydi.,shaharlarda transport oqimini aqlli boshqarish orqali yo l harakati xavfsizligini ta’minlash va tirbandliklarni kamaytirish mumkin.,0.815923810005188
313,21,sun’iy intellekt yordamida matnlarni tahlil qilish va ulardagi asosiy ma’lumotlarni ajratib olish mumkin.,neyron tarmoqlari inson miyasining ishlash tamoyillariga asoslangan bo lib turli murakkablikdagi vazifalarni bajarishga qodirdir.,0.8526915907859802
252,474,raqamli savodxonlikni oshirish bo yicha amalga oshirilayotgan loyihalar aholining barcha qatlamlarini qamrab olishga yo naltirilgan.,o zbek tilini raqamli muhitda saqlash va rivojlantirish bo yicha amalga oshirilayotgan ishlar milliy g ururimizning ifodasidir.,0.8623998165130615
58,510,gen muhandisligi sohasidagi yutuqlar qishloq xo jaligi ekinlarining hosildorligini oshirish va kasalliklarga chidamliligini kuchaytirishga xizmat qiladi.,sun’iy intellekt texnologiyalarining tibbiyotda qo llanilishi inson salomatligini saqlash va kasalliklarni davolashda yangi imkoniyatlar ochadi.,0.8204498291015625
475,189,innovatsion loyihalarni qo llab-quvvatlash jamiyatning intellektual salohiyatini yuksaltirish va yangi cho qqilarni zabt etishga xizmat qiladi.,ta’limda bulutli texnologiyalardan foydalanish o quv materiallariga istalgan joydan va istalgan vaqtda kirish imkoniyatini yaratadi.,0.8097043037414551
243,504,dasturiy mahsulotlarni yaratishda sifat nazorati bo limi ularning barcha talablarga javob berishini qat’iy tekshirib boradi.,ta’limda innovatsion metodlarni joriy etish o quvchilarning tanqidiy fikrlashini va ijodiy izlanishlarini rag batlantirishga xizmat qiladi.,0.8792724013328552
130,484,sun’iy intellekt algoritmlari yordamida ob-havo ma’lumotlarini aniqroq bashorat qilish qishloq xo jaligi ishlarini rejalashtirishda yordam beradi.,o zbek tilini raqamli olamda munosib o rin egallashini ta’minlash har birimizning vatanparvarlik burchimiz bo lishi lozim.,0.797520637512207
20,166,o zbekistonda raqamli texnologiyalarni rivojlantirish bo yicha keng ko lamli islohotlar va davlat dasturlari amalga oshirilmoqda.,o zbek tili korpusi tilshunoslik tadqiqotlari uchun asosiy manba bo lib xizmat qiladigan ulkan matnli ma’lumotlar majmuidir.,0.8297764658927917
273,387,shaharlarda transport tizimini optimallashtirish orqali yo llarda harakatlanish vaqtini qisqartirish va qulaylikni oshirish mumkin.,o zbek tili uchun nutq texnologiyalarini rivojlantirish jarayoni tilshunoslar va dasturchilarning yaqin hamkorligini talab etadi.,0.7913368940353394
315,13,ekologik ta’limni kuchaytirish orqali yoshlarda tabiatni asrashga bo lgan mas’uliyat hissini shakllantirish lozim.,oliy ta’lim muassasalarida talabalarga zamonaviy texnologiyalarni o rgatish orqali yuqori malakali mutaxassislar tayyorlash yo lga qo yilgan.,0.7802058458328247
241,345,oliy ta’limda sifatli bilim berish uchun professor-o qituvchilarning malakasini muntazam oshirib borish tizimi yo lga qo yilgan.,shaharlarni aqlli rejalashtirish aholining hayot darajasini oshirish va atrof-muhitni muhofaza qilishni ta’minlaydi.,0.8164873123168945
339,91,dasturiy ta’minot ishlab chiqishda jamoaviy ishlash ko nikmalari loyihaning muvaffaqiyatli yakunlanishida hal qiluvchi rol o ynaydi.,xalqaro standartlarga mos keladigan ta’lim dasturlarini yaratish bitiruvchilarning jahon mehnat bozorida munosib o rin egallashini ta’minlaydi.,0.8229212760925293
366,454,oliy ta’limda xalqaro hamkorlikni kengaytirish talabalarning jahon miqyosida tan olingan bilim olishini ta’minlaydi.,innovatsion loyihalarni amalga oshirish orqali jamiyat hayotining barcha jabhalarida ijobiy o zgarishlarga erishish mumkin.,0.7698714137077332
427,508,ekologik muammolarni hal qilishda qayta tiklanadigan energiya manbalaridan foydalanish barqaror kelajak garovidir.,dasturlash sohasidagi yangi freymvorklar va kutubxonalarni o rganish dasturiy mahsulotlar yaratish sifatini yangi bosqichga ko taradi.,0.7913961410522461
34,205,biologik ma’lumotlarni tahlil qilishda kompyuter algoritmlaridan foydalanish genetik tadqiqotlarning samaradorligini oshirishga yordam beradi.,globalizatsiya sharoitida milliy qadriyatlarni saqlab qolish va ularni yoshlarga yetkazish muhim ma’naviy vazifa hisoblanadi.,0.7919593453407288
80,387,zamonaviy arxitektura va shaharsozlikda energiya samaradorligiga ega bo lgan bino va inshootlarni qurishga alohida e’tibor berilmoqda.,o zbek tili uchun nutq texnologiyalarini rivojlantirish jarayoni tilshunoslar va dasturchilarning yaqin hamkorligini talab etadi.,0.8229813575744629
1,389,mashinali o qitish ma’lumotlar asosida model yaratishga imkon beradi.,ta’limda innovatsiyalarni qo llash o quvchilarning bilim saviyasini oshirish va ularni kelajakka tayyorlashda muhimdir.,0.8123448491096497
105,476,yirik shaharlarda transport tizimini boshqarish uchun aqlli svetoforlar va datchiklardan foydalanish yo l harakatini tartibga soladi.,raqamli iqtisodiyot sharoitida axborot-kommunikatsiya texnologiyalaridan unumli foydalanish iqtisodiy barqarorlikni ta’minlashda muhim rol o ynaydi.,0.81565260887146
401,555,innovatsion texnologiyalarni ishlab chiqarishga joriy etish mahsulotlar sifatini oshirish va tannarxini kamaytirish imkonini beradi.,o zbek tili lug at boyligini asrash va rivojlantirish milliy g ururimizni yuksaltirishda muhim ahamiyatga ega ekanligini unutmaylik.,0.8358277082443237
161,201,raqamli iqtisodiyotda blokcheyn texnologiyasidan foydalanish tranzaksiyalar xavfsizligi va shaffofligini ta’minlashda muhim o rin tutadi.,raqamli transformatsiya jarayoni barcha davlat organlari va xo jalik yurituvchi sub’ektlar uchun zaruriy strategik yo nalishdir.,0.8500202298164368
269,270,oliy ta’lim muassasalarida ilmiy-tadqiqot ishlarining natijalarini amaliyotga joriy etish iqtisodiy o sishga xizmat qiladi.,kiberxavfsizlikni ta’minlashda zamonaviy autentifikatsiya usullari va ma’lumotlarni himoya qilish texnologiyalari muhim rol o ynaydi.,0.8142859935760498
455,461,raqamli iqtisodiyot sharoitida boshqaruv tizimlarini takomillashtirish iqtisodiy jarayonlarni samarali boshqarish imkonini beradi.,ta’limda innovatsion pedagogik texnologiyalardan foydalanish o quvchilarning qobiliyatlarini to liq ro yobga chiqarishga yordam beradi.,0.8221498727798462
251,295,o zbek tili uchun semantik analizator yaratish matnlarning ma’nosini chuqur tahlil qilish imkoniyatini beradi.,ta’limda interfaol usullarni qo llash o quvchilarning darsga bo lgan qiziqishini va mustaqil fikrlash qobiliyatini oshiradi.,0.8688374757766724
337,52,raqamli iqtisodiyotni rivojlantirish strategiyasi mamlakatni texnologik jihatdan modernizatsiya qilishga yo naltirilgan.,maktabgacha ta’lim muassasalarida bolalarning intellektual salohiyatini oshirish uchun interfaol o yinlardan keng foydalanish tavsiya etiladi.,0.7533668875694275
216,187,shaharlarni rivojlantirish rejalarida ekologik omillarni hisobga olish barqaror shaharsozlikning asosiy tamoyillaridan biridir.,mashinali o qitish algoritmlari moliyaviy bozorlardagi o zgarishlarni tahlil qilish va investitsion qarorlar qabul qilishda qo llaniladi.,0.8005380630493164
379,492,o zbek tili uchun elektron korpuslar yaratish tilni chuqur va har tomonlama o rganish imkoniyatini yaratadi.,o zbek tili lug at boyligini saqlash va uni kelajak avlodlarga bezavol yetkazish tilshunoslikning muqaddas vazifasidir.,0.8119480609893799
40,156,algoritmlar samaradorligini oshirish orqali hisoblash jarayonlari uchun sarflanadigan vaqt va resurslarni sezilarli kamaytirish mumkin.,ijtimoiy tadbirkorlik orqali jamiyatdagi mavjud muammolarni hal qilish va aholining ijtimoiy himoyasini kuchaytirish choralari ko rilmoqda.,0.7779457569122314
14,64,mashinali o qitish usullari katta hajmdagi ma’lumotlar ichidan kerakli qonuniyatlarni topish imkonini beruvchi vositadir.,o zbekistonning boy madaniy merosini raqamlashtirish orqali uni kelajak avlodlarga bezavol yetkazish imkoniyati yaratiladi.,0.7987231016159058
520,343,ekologik muammolarni hal qilishda xalqaro tajriba va innovatsion yechimlardan foydalanish barqaror rivojlanishning kalitidir.,ta’limda innovatsion metodlarni qo llash o quvchilarning ijodiy fikrlashini va bilimlarini amaliyotda qo llashni rivojlantiradi.,0.8381174802780151
128,471,kichik biznes va xususiy tadbirkorlikni rivojlantirish yangi ish o rinlari yaratish orqali bandlik masalasini hal qilishga yordam beradi.,o zbek tili uchun nutq texnologiyalarini rivojlantirishda tilshunoslik va dasturlash sohalarining integratsiyasi o ta muhimdir.,0.8479992151260376
62,138,sanoat korxonalarida energiya tejovchi texnologiyalarni joriy etish ishlab chiqarish tannarxini kamaytirish va samaradorlikni oshirishga yordam beradi.,oliy ta’lim tizimida kredit-modul tizimining joriy etilishi talabalarning mustaqil bilim olishi va harakatchanligini ta’minlashga xizmat qiladi.,0.8657858371734619
498,391,dasturlash sohasidagi yangi bilimlarni egallash yoshlarga zamonaviy texnologiyalar olamida o z o rinlarini topishga yordam beradi.,innovatsion faoliyatni rivojlantirish orqali yangi ish o rinlari yaratish va aholi farovonligini oshirish choralari ko rilmoqda.,0.8401734232902527
418,288,o zbek tili grammatikasi qoidalarini avtomatlashtirish tilshunoslik va axborot texnologiyalari sohasidagi muhim ilmiy yutuqdir.,raqamli iqtisodiyotni rivojlantirish mamlakatning xalqaro maydondagi nufuzini va raqobatbardoshligini oshirishga xizmat qiladi.,0.7690370082855225
378,489,kiberxavfsizlikni ta’minlashda har bir foydalanuvchining shaxsiy mas’uliyati va raqamli savodxonligi katta ahamiyatga ega.,sun’iy intellekt texnologiyalari yordamida ta’lim jarayonini har bir o quvchining shaxsiy ehtiyojlariga moslashtirish mumkin.,0.8312627673149109
230,40,elektron hujjat almashinuvi tizimlarining joriy etilishi ish yuritish jarayonlarini sezilarli darajada tezlashtirdi va qog oz sarfini kamaytirdi.,algoritmlar samaradorligini oshirish orqali hisoblash jarayonlari uchun sarflanadigan vaqt va resurslarni sezilarli kamaytirish mumkin.,0.8586242198944092
27,134,bulutli hisoblash tizimlari ma’lumotlarni saqlash va ularga tezkor kirish imkoniyatini ta’minlovchi zamonaviy texnologik yechimdir.,o zbek tili uchun elektron lug atlar va tarjima dasturlarini yaratish tilni jahon miqyosida ommalashtirishga xizmat qiladi.,0.8151744604110718
200,32,dasturiy injiniringda loyihalarni boshqarishning zamonaviy usullari jamoaviy ish samaradorligini oshirishga yordam beradi.,elektron hukumat tizimining joriy etilishi davlat idoralari va fuqarolar o rtasidagi muloqotni sezilarli darajada osonlashtirdi.,0.8647329807281494
47,502,o zbek tili uchun nutqni aniqlash tizimlarini yaratish ustida ko plab mahalliy mutaxassislar ilmiy izlanishlar olib bormoqda.,o zbek tili uchun nutq texnologiyalarini rivojlantirish tilimizning jahon axborot makonidagi nufuzini yanada oshiradi.,0.8553329706192017
406,98,sun’iy intellekt texnologiyalari yordamida moliya tizimida firibgarlik holatlarini aniqlash va oldini olish mumkin.,tadbirkorlik sub’ektlari uchun yaratilgan soliq imtiyozlari yangi ish o rinlarini yaratish va biznes muhitini yaxshilashga xizmat qiladi.,0.829002857208252
546,461,ta’limda innovatsion yondashuvlarni qo llash o quvchilarning mantiqiy fikrlashini va bilimlarini hayotda qo llashni rivojlantiradi.,ta’limda innovatsion pedagogik texnologiyalardan foydalanish o quvchilarning qobiliyatlarini to liq ro yobga chiqarishga yordam beradi.,0.9060903787612915
4,217,fasttext subword yondashuvi orqali yaxshi natija beradi.,dasturlash sohasidagi xalqaro musobaqalar yoshlarning iqtidorini aniqlash va ularni rag batlantirishda muhim ahamiyat kasb etadi.,0.698744535446167
502,397,o zbek tili uchun nutq texnologiyalarini rivojlantirish tilimizning jahon axborot makonidagi nufuzini yanada oshiradi.,o zbek tili korpusini yaratish jarayonida lingvistik tadqiqotlar natijalaridan samarali foydalanish tavsiya etiladi.,0.8672536611557007
392,206,raqamli iqtisodiyotda ma’lumotlarni boshqarish tizimlari qarorlar qabul qilishda asosiy vosita bo lib xizmat qilmoqda.,tizimli tahlil va bashorat qilish usullari ijtimoiy jarayonlarni boshqarishda yuqori samaradorlikka erishish imkonini beradi.,0.8927975296974182
14,553,mashinali o qitish usullari katta hajmdagi ma’lumotlar ichidan kerakli qonuniyatlarni topish imkonini beruvchi vositadir.,ekologik muammolarni hal qilishda zamonaviy ilmiy yondashuvlar va xalqaro hamkorlikni rivojlantirish o ta muhimdir.,0.8082408308982849
460,240,o zbek tili grammatikasi qoidalarini avtomatik tahlil qilish uchun yangi algoritmlarni ishlab chiqish dolzarb vazifadir.,iqtisodiy jarayonlarni raqamlashtirish orqali yashirin iqtisodiyot ulushini kamaytirish va soliq tushumlarini oshirish mumkin.,0.8431614637374878
95,484,aholi salomatligini muhofaza qilishda tibbiy axborot tizimlarining joriy etilishi tashxis qo yish va davolash sifatini oshiradi.,o zbek tilini raqamli olamda munosib o rin egallashini ta’minlash har birimizning vatanparvarlik burchimiz bo lishi lozim.,0.740449070930481
406,230,sun’iy intellekt texnologiyalari yordamida moliya tizimida firibgarlik holatlarini aniqlash va oldini olish mumkin.,elektron hujjat almashinuvi tizimlarining joriy etilishi ish yuritish jarayonlarini sezilarli darajada tezlashtirdi va qog oz sarfini kamaytirdi.,0.8429522514343262
170,540,ta’lim tizimini raqamlashtirish o quvchilar va talabalar uchun zamonaviy bilim olish resurslaridan foydalanish imkoniyatini yaratadi.,dasturlash sohasidagi yangi yutuqlarni o rganish yosh mutaxassislarga xalqaro loyihalarda ishtirok etish imkonini beradi.,0.8712782263755798
35,524,zamonaviy darsliklar va o quv qo llanmalarini yaratishda ilg or pedagogik texnologiyalardan samarali foydalanish talab etiladi.,kiberxavfsizlikni ta’minlashda zamonaviy himoya usullarini qo llash axborot tizimlarining ishonchliligini va daxlsizligini kafolatlaydi.,0.8435200452804565
159,242,energetika sohasida aqlli hisoblagichlarni o rnatish energiya sarfini aniq nazorat qilish va yo qotishlarni kamaytirishga yordam beradi.,shaharlarni ko kalamzorlashtirish va ekologik muhitni yaxshilash aholining hayot sifatini oshirishga yo naltirilgan strategik maqsaddir.,0.862920343875885
85,27,qishloq xo jaligida aqlli sug orish tizimlaridan foydalanish suv resurslarini tejash va hosildorlikni oshirishda katta natijalar bermoqda.,bulutli hisoblash tizimlari ma’lumotlarni saqlash va ularga tezkor kirish imkoniyatini ta’minlovchi zamonaviy texnologik yechimdir.,0.8029477000236511
555,339,o zbek tili lug at boyligini asrash va rivojlantirish milliy g ururimizni yuksaltirishda muhim ahamiyatga ega ekanligini unutmaylik.,dasturiy ta’minot ishlab chiqishda jamoaviy ishlash ko nikmalari loyihaning muvaffaqiyatli yakunlanishida hal qiluvchi rol o ynaydi.,0.8448799848556519
330,505,innovatsion loyihalarni qo llab-quvvatlash yoshlarning intellektual salohiyatini ro yobga chiqarishda muhim ahamiyatga ega.,o zbek tilini raqamli olamda munosib saqlash milliy madaniyatimizning bardavomligini ta’minlashda muhim ahamiyatga egadir.,0.8515421152114868
347,472,innovatsion ishlanmalarni amaliyotga joriy etish orqali mamlakat iqtisodiyotining raqobatbardoshligini oshirish choralari ko rilmoqda.,kiberxavfsizlik sohasidagi bilimlarni o zlashtirish har bir mutaxassis uchun zamonaviy axborot jamiyatida zaruriy ko nikmadir.,0.8123962879180908
230,189,elektron hujjat almashinuvi tizimlarining joriy etilishi ish yuritish jarayonlarini sezilarli darajada tezlashtirdi va qog oz sarfini kamaytirdi.,ta’limda bulutli texnologiyalardan foydalanish o quv materiallariga istalgan joydan va istalgan vaqtda kirish imkoniyatini yaratadi.,0.8255448341369629
224,384,shaharlarda transport oqimini tartibga solishda matematik modellashtirish usullari tirbandliklarni kamaytirishga yordam beradi.,sun’iy intellekt sohasidagi ilmiy izlanishlarni qo llab-quvvatlash mamlakatning texnologik kelajagini belgilab beradi.,0.7761330008506775
376,282,o zbek tilida tabiiy nutqni qayta ishlash tizimlarini takomillashtirish tilimizning nufuzini yanada oshirishga xizmat qiladi.,kiberxavfsizlik sohasidagi mutaxassislar global tarmoqdagi axborot tizimlarini turli hujumlardan himoya qilish vazifasini bajaradilar.,0.8175888061523438
258,358,shaharlarni aqlli boshqarish tizimlari kommunal xizmatlar ko rsatish samaradorligini oshirish va xarajatlarni kamaytirish imkonini beradi.,innovatsion texnologiyalarni o zlashtirish uchun mutaxassislar doimiy ravishda o z ustida ishlashlari va malaka oshirishlari lozim.,0.8284471035003662
455,410,raqamli iqtisodiyot sharoitida boshqaruv tizimlarini takomillashtirish iqtisodiy jarayonlarni samarali boshqarish imkonini beradi.,ta’limda raqamli texnologiyalarni qo llash o quv jarayonining samaradorligini oshirish va natijalarni tahlil qilish imkonini beradi.,0.8737329244613647
317,224,o zbek tili lug at tarkibini boyitishda terminologik tadqiqotlarning o rni va ahamiyati beqiyosdir.,shaharlarda transport oqimini tartibga solishda matematik modellashtirish usullari tirbandliklarni kamaytirishga yordam beradi.,0.7714616060256958
233,373,biologik jarayonlarni kompyuterda modellashtirish yangi dori-darmonlarni yaratishda vaqt va xarajatlarni sezilarli darajada tejaydi.,ekologik muammolarni hal qilishda zamonaviy texnologiyalardan foydalanish tabiatni asrash va resurslarni tejashga yordam beradi.,0.8812112808227539
471,232,o zbek tili uchun nutq texnologiyalarini rivojlantirishda tilshunoslik va dasturlash sohalarining integratsiyasi o ta muhimdir.,kiberjinoyatchilikka qarshi kurashishda xalqaro hamkorlikni mustahkamlash global tarmoq xavfsizligini ta’minlashda muhim o rin tutadi.,0.8584409952163696
112,496,oliy o quv yurtlarida ilmiy salohiyatni oshirish uchun xorijiy yetakchi universitetlar bilan tajriba almashish yo lga qo yilgan.,innovatsion texnologiyalardan foydalanish orqali iqtisodiyotning barcha tarmoqlarida yuqori samaradorlikka erishish imkoniyati mavjud.,0.7943481206893921
441,267,ta’limda innovatsion yondashuvlarni qo llash o quvchilarning mustaqil bilim olish va izlanish qobiliyatini rivojlantiradi.,o zbek tilini raqamli muhitda rivojlantirish uchun milliy qidiruv tizimlari va elektron lug atlarni takomillashtirish zarur.,0.8646785020828247
509,385,o zbek tili uchun elektron grammatik bazalarni muntazam boyitib borish tilshunoslik tadqiqotlari uchun mustahkam asos bo ladi.,ekologik toza energiya manbalaridan foydalanish atrof-muhitni muhofaza qilish va iqtisodiy barqarorlikni ta’minlaydi.,0.821583092212677
386,112,shaharlarda aholi punktlarini rejalashtirishda zamonaviy arxitektura va ekologik talablar uyg unligi muhim ahamiyatga ega.,oliy o quv yurtlarida ilmiy salohiyatni oshirish uchun xorijiy yetakchi universitetlar bilan tajriba almashish yo lga qo yilgan.,0.8448642492294312
80,112,zamonaviy arxitektura va shaharsozlikda energiya samaradorligiga ega bo lgan bino va inshootlarni qurishga alohida e’tibor berilmoqda.,oliy o quv yurtlarida ilmiy salohiyatni oshirish uchun xorijiy yetakchi universitetlar bilan tajriba almashish yo lga qo yilgan.,0.8135668039321899
1,219,mashinali o qitish ma’lumotlar asosida model yaratishga imkon beradi.,oliy ta’lim muassasalarida fan va ishlab chiqarish integratsiyasi bitiruvchilarning ishga joylashish imkoniyatlarini kengaytiradi.,0.7434890270233154
224,384,shaharlarda transport oqimini tartibga solishda matematik modellashtirish usullari tirbandliklarni kamaytirishga yordam beradi.,sun’iy intellekt sohasidagi ilmiy izlanishlarni qo llab-quvvatlash mamlakatning texnologik kelajagini belgilab beradi.,0.7761330008506775
402,129,raqamli iqtisodiyot sharoitida tadbirkorlik sub’ektlari o rtasida o zaro hamkorlikni rivojlantirish iqtisodiy o sishni ta’minlaydi.,yadro energetikasi sohasidagi hamkorlik mamlakatning kelajakdagi energiya xavfsizligini ta’minlashda muhim strategik ahamiyat kasb etadi.,0.7949713468551636
52,415,maktabgacha ta’lim muassasalarida bolalarning intellektual salohiyatini oshirish uchun interfaol o yinlardan keng foydalanish tavsiya etiladi.,o zbek tili uchun nutqni aniqlash tizimlarini takomillashtirish tilimizning raqamli imkoniyatlarini kengaytirishda muhimdir.,0.8300528526306152
246,438,axborot texnologiyalari sohasidagi bilimlarni egallash yoshlar uchun kelajakda yuqori daromadli ish topish imkonini yaratadi.,shaharlarda transport tizimini boshqarishda aqlli yechimlarni joriy etish harakat xavfsizligini ta’minlashda muhimdir.,0.7715557813644409
202,183,sog liqni saqlash tizimida elektron tibbiy kartalarning joriy etilishi bemorlar haqidagi ma’lumotlarni tezkor olish imkonini beradi.,o zbek tili uchun avtomatik lug at yaratish sohasida amalga oshirilayotgan ishlar tilshunoslikning muhim yutuqlaridan biridir.,0.8010293245315552
122,400,xalqaro moliya institutlari bilan hamkorlikda amalga oshirilayotgan loyihalar mamlakatimiz iqtisodiyotining barqaror rivojlanishiga xizmat qiladi.,o zbek tilida sifatli ta’lim kontentini yaratish yoshlarning bilim olishga bo lgan qiziqishini oshirishga xizmat qiladi.,0.7878468036651611
293,279,shaharlarni boshqarishda aqlli texnologiyalarni joriy etish aholi uchun qulay va xavfsiz yashash muhitini yaratadi.,sun’iy intellekt yordamida ma’lumotlarni tahlil qilish turli sohalarda samarali strategiyalarni ishlab chiqishga yordam beradi.,0.8540671467781067
197,510,ekologik toza transport vositalarini ommalashtirish shaharlarda havo ifloslanishini kamaytirishning eng samarali yo llaridan biridir.,sun’iy intellekt texnologiyalarining tibbiyotda qo llanilishi inson salomatligini saqlash va kasalliklarni davolashda yangi imkoniyatlar ochadi.,0.7906676530838013
143,200,innovatsion g oyalar va ishlanmalarni tijoratlashtirish jarayoni ilmiy tadqiqotlar natijalarini amaliyotga keng joriy etishga yordam beradi.,dasturiy injiniringda loyihalarni boshqarishning zamonaviy usullari jamoaviy ish samaradorligini oshirishga yordam beradi.,0.8981112241744995
123,186,kompyuter grafikasi va animatsiya sohasidagi yutuqlar kino sanoati va ta’limda vizual kontent yaratish imkoniyatlarini kengaytirdi.,biometrik pasport tizimining joriy etilishi shaxsni aniqlash jarayonlarini xalqaro standartlarga muvofiq amalga oshirishni ta’minladi.,0.8073651194572449
325,463,o zbek tilini jahon miqyosida targ ib qilishda internet resurslari va ijtimoiy tarmoqlarning o rni kattadir.,o zbek tilini raqamli makonda rivojlantirish tilimizning nufuzini va jahon miqyosidagi o rnini yanada mustahkamlaydi.,0.8385930061340332
348,402,oliy ta’lim tizimida o quv dasturlarini xalqaro standartlarga moslashtirish ishlari faol olib borilmoqda.,raqamli iqtisodiyot sharoitida tadbirkorlik sub’ektlari o rtasida o zaro hamkorlikni rivojlantirish iqtisodiy o sishni ta’minlaydi.,0.8224616050720215
345,510,shaharlarni aqlli rejalashtirish aholining hayot darajasini oshirish va atrof-muhitni muhofaza qilishni ta’minlaydi.,sun’iy intellekt texnologiyalarining tibbiyotda qo llanilishi inson salomatligini saqlash va kasalliklarni davolashda yangi imkoniyatlar ochadi.,0.8237447142601013
146,147,qishloq xo jaligida datchiklar va dronlardan foydalanish ekinlar holatini doimiy nazorat qilish va hosilni prognoz qilish imkonini beradi.,ta’limda sun’iy intellekt tizimlarining qo llanilishi o qitish sifatini nazorat qilish va baholash jarayonlarini adolatli va shaffof qiladi.,0.7957174777984619
488,550,o zbek tili uchun elektron lingvistik korpuslar yaratish tilimizning barcha o ziga xosliklarini chuqur o rganishga xizmat qiladi.,dasturlash sohasidagi bilim va ko nikmalar yoshlarga zamonaviy mehnat bozorida munosib o rin egallash imkonini beradi.,0.8109556436538696
337,472,raqamli iqtisodiyotni rivojlantirish strategiyasi mamlakatni texnologik jihatdan modernizatsiya qilishga yo naltirilgan.,kiberxavfsizlik sohasidagi bilimlarni o zlashtirish har bir mutaxassis uchun zamonaviy axborot jamiyatida zaruriy ko nikmadir.,0.7401208877563477
150,414,tizimli dasturlash va algoritmlarni optimallashtirish kompyuter tizimlarining tezkorligini oshirish va samarali ishlashini ta’minlaydi.,dasturlash tillarini o qitishda o quvchilarning mantiqiy fikrlashini rivojlantirishga alohida e’tibor qaratish lozim.,0.7989251613616943
297,262,dasturiy ta’minotning xavfsizligini ta’minlash uni ishlab chiqish jarayonining ajralmas qismi bo lishi lozim.,global tarmoqda axborot xavfsizligini ta’minlash har bir foydalanuvchidan mas’uliyat va hushyorlikni talab qiladigan jarayondir.,0.8668373823165894
143,345,innovatsion g oyalar va ishlanmalarni tijoratlashtirish jarayoni ilmiy tadqiqotlar natijalarini amaliyotga keng joriy etishga yordam beradi.,shaharlarni aqlli rejalashtirish aholining hayot darajasini oshirish va atrof-muhitni muhofaza qilishni ta’minlaydi.,0.8209383487701416
1,303,mashinali o qitish ma’lumotlar asosida model yaratishga imkon beradi.,innovatsion g oyalarni qo llab-quvvatlash maqsadida davlat tomonidan turli imtiyozlar va grantlar ajratilmoqda.,0.7892935276031494
253,452,innovatsion texnologiyalardan foydalanish qishloq xo jaligida resurslarni tejash va mahsulot sifatini oshirishga yordam beradi.,ta’limda raqamli texnologiyalardan foydalanish o quv jarayonining ochiqligini va shaffofligini ta’minlashga yordam beradi.,0.8456941843032837
